"test#","matrix size","value type","test_time"
"test# 0","10","<class 'numpy.float64'>","[3.039808209, 3.1375038749999997, 3.0242238329999998, 3.1919091250000005, 3.239603333]"
